Product Name,Quantity,Scheme quantity,Scheme free,PTR,MRP,Packing,SKU,Company,Batch,Expiry,Product class
Abacavir,100,0,0,35.00,45.00,60's,MM_100,Strides Lifesciences Ltd,ABC123,11-01-2022,
Abacavir,100,0,0,35.00,45.00,60's,MM_100,Strides Lifesciences Ltd,HH123,,
Abavir,100,0,0,36.00,46.00,"60's
100ml & 240ml",MM_101,Evans Medical Plc,ABC124,12-01-2022,
Aceclofen,100,0,0,42.00,52.00,10 x 10's,MM_107,Phamatex Nig. Ltd,ABC130,18-01-2022,
Aceledon,100,0,0,43.00,53.00,1 x10's,MM_108,Healthline Ltd,ABC131,19-01-2022,
Acelodon P,100,0,0,47.00,57.00,1 x10's,MM_112,Healthline Ltd,ABC135,23-01-2022,
Acenac,100,0,0,41.00,51.00,10's,MM_106,Ranbaxy Nig. Ltd,ABC129,17-01-2022,
Acetomid,100,0,0,51.00,61.00,500's pack,MM_116,"Hovid Division, Pharmatex 
Nigeria Ltd",ABC139,27-01-2022,
Acetylcysteine Sandoz,100,0,0,54.00,64.00,"2 x10's
4 x 10's 
100ml bottle",MM_119,"Sandoz Division, Novartis
Nigeria Limited",ABC142,30-01-2022,
Acyclex,100,0,0,71.00,81.00,"5 x 5's
60ml
5g tube",MM_136,CG Biostadt Nigeria Ltd,ABC159,16-02-2022,
Acyclor Plus,100,0,0,48.00,58.00,10 X 1 X 10's,MM_113,Reals Pharmaceutical Ltd,ABC136,24-01-2022,
Acycor,100,0,0,44.00,54.00,1 X10's,MM_109,Reals Pharmaceutical Ltd,ABC132,20-01-2022,
Alabukun,100,0,0,67.00,77.00,10 x 10's pack,MM_132,Copac Nig. Ltd,ABC155,12-02-2022,
Alben-G,100,0,0,77.00,87.00,1's,MM_142,Geneith Pharmaceutical Ltd,ABC165,22-02-2022,
Alendomax,100,0,0,86.00,96.00,4's,MM_151,Joswe/Afrab,ABC174,03-03-2022,
Alka-Seltzer,100,0,0,56.00,66.00,30's pack,MM_121,Gemini Pharmaceutical Nig. Ltd,ABC144,01-02-2022,
Alpha Acetylcystein,100,0,0,55.00,65.00,10ml x 10's,MM_120,Alpha Pharmacy & Stores Ltd,ABC143,31-01-2022,
Amedin,100,0,0,126.00,136.00,20's,MM_191,Sanofi Nigeria Limited,ABC214,12-04-2022,
Amiodar,100,0,0,122.00,132.00,30's,MM_187,Micronova Pharma. Ind. Ltd,ABC210,08-04-2022,
Amlo,100,0,0,127.00,137.00,20's,MM_192,Getz Pharma Nig Ltd,ABC215,13-04-2022,
Amlong,100,0,0,128.00,138.00,30's,MM_193,Elbe Pharma. Nig. Ltd,ABC216,14-04-2022,
Amloster,100,0,0,129.00,139.00,3 x 10's,MM_194,Strides Lifesciences Ltd,ABC217,15-04-2022,
Amlotab,100,0,0,130.00,140.00,2 x 14's,MM_195,Onifam Laboratories Ltd,ABC218,16-04-2022,
Amlovar,100,0,0,131.00,141.00,10's and 100's,MM_196,Nemeith Int'l Pharma. Ltd,ABC219,17-04-2022,
Amyvil,100,0,0,124.00,134.00,10 x 10's pack,MM_189,Zolon Healthcare Limited,ABC212,10-04-2022,
Anacin,100,0,0,57.00,67.00,72 x 2's pack,MM_122,SKG Pharma Limited,ABC145,02-02-2022,
Asomex,100,0,0,132.00,142.00,10's,MM_197,Fidson Healthcare Plc,ABC220,18-04-2022,
Aspirin Cardio,100,0,0,58.00,68.00,3 x 10's,MM_123,Bayer Middle Africa Ltd,ABC146,03-02-2022,
Beecoden,100,0,0,70.00,80.00,50's pack,MM_135,BCN Plc,ABC158,15-02-2022,
Bioraj Pain Powder,100,0,0,68.00,78.00,10 x 10's pack,MM_133,Bioraj Pharmaceutical Ltd,ABC156,13-02-2022,
Ceflonac-SP,100,0,0,50.00,60.00,1 x 10's,MM_115,Geneith Pharmaceutical Ltd,ABC138,26-01-2022,
Chez Amitriptyline,100,0,0,125.00,135.00,500's_ 1000's pack,MM_190,Chez Resources Pharmaceutical Ltd,ABC213,11-04-2022,
Chifenac,100,0,0,45.00,55.00,10 X 10'S,MM_110,CHI Pharmaceutical Ltd,ABC133,21-01-2022,
Clovirax,100,0,0,72.00,82.00,100's,MM_137,Strides Lifesciences Ltd,ABC160,17-02-2022,
Cordarone,100,0,0,123.00,133.00,30's and 50's,MM_188,Zentiva/Sanofi,ABC211,09-04-2022,
CROCIN (PS) SUS,25,10,1,32.85,45.00,60ML,MM_1233,Cipla Ltd,01PSMM,2023-02-03 00:00:00,
Cystazole,100,0,0,78.00,88.00,"2's
10ml bottle",MM_143,Afrab-Chem Limited,ABC166,23-02-2022,
Danacid,100,0,0,108.00,118.00,12 x 8's and 1000's,MM_173,Dana Pharmaceutical Ltd,ABC196,25-03-2022,
Danacid Suspension,100,0,0,107.00,117.00,200ml,MM_172,Dana Pharmaceutical Ltd,ABC195,24-03-2022,
Danasprin,100,0,0,59.00,69.00,1000's pack,MM_124,Dana Pharmaceutical Ltd,ABC147,04-02-2022,
Derox,100,0,0,133.00,143.00,1 x 4's,MM_198,"Hovid Division, Pharmatex 
Nigeria Ltd",ABC221,19-04-2022,
Dipmin,100,0,0,120.00,130.00,10ml x 10's,MM_185,Mark Pharmaceutical Ltd,ABC208,06-04-2022,
Disogel,100,0,0,95.00,105.00,"15 x 10's 
175ml",MM_160,PharmacyPlus Limited,ABC183,12-03-2022,
Disprin,100,0,0,60.00,70.00,3's pack,MM_125,Reckitt Benckiser (Nig.) Ltd,ABC148,05-02-2022,
Drugfield Aspirin,100,0,0,61.00,71.00,1000's pack,MM_126,Drugfield Pharma. Ltd,ABC149,06-02-2022,
Drutazole,100,0,0,79.00,89.00,1's,MM_144,Drugfield Pharma. Ltd,ABC167,24-02-2022,
Empirin,100,0,0,62.00,72.00,"1000's pack
10 x 10's & 1000's",MM_127,Emzor Pharma. Industries Ltd,ABC150,07-02-2022,
Emtrisil,100,0,0,112.00,122.00,3 x8's_ 12 x 8's_ 500's,MM_177,Emzor Pharma. Industries Ltd,ABC200,29-03-2022,
Flotral,100,0,0,89.00,99.00,10's,MM_154,Ranbaxy Nig. Ltd,ABC177,06-03-2022,
Gascol,100,0,0,109.00,119.00,150ml,MM_174,Fidson Healthcare Plc,ABC197,26-03-2022,
Gastrografin,100,0,0,113.00,123.00,100ml x 10's,MM_178,Bayer Middle Africa Ltd,ABC201,30-03-2022,
Gestid,100,0,0,98.00,108.00,100ml and 200ml,MM_163,Ranbaxy Nig. Ltd,ABC186,15-03-2022,
Gestid,100,0,0,103.00,113.00,5  x 4's,MM_168,Ranbaxy Nig. Ltd,ABC191,20-03-2022,
Gestid Plus,100,0,0,94.00,104.00,100ml bottle,MM_159,Ranbaxy Nig. Ltd,ABC182,11-03-2022,
Glucobay,100,0,0,40.00,50.00,5 X 15's,MM_105,Bayer Middle Africa Ltd,ABC128,16-01-2022,
Grenuretic,100,0,0,115.00,125.00,10 x 10's,MM_180,Greenlife Pharmaceuticals Ltd,ABC203,01-04-2022,
harshucap,33,0,0,99.99,120.00,10S,HH_15031993,harsha Ltd,asdf123,15-12-2022,
Healthline Abacavir,100,0,0,37.00,47.00,"60's
60's",MM_102,Healthline Ltd,ABC125,13-01-2022,
"Healthline Abacavir 
plus Lamivudine",100,0,0,38.00,48.00,60's,MM_103,Healthline Ltd,ABC126,14-01-2022,
Jawadazole,100,0,0,80.00,90.00,20ml bottle,MM_145,Jawa International Ltd,ABC168,25-02-2022,
Jawasil,100,0,0,104.00,114.00,100ml and 200ml,MM_169,Jawa International Ltd,ABC192,21-03-2022,
Jawasil Orange,100,0,0,105.00,115.00,100ml,MM_170,Jawa International Ltd,ABC193,22-03-2022,
Jawasil plus,100,0,0,102.00,112.00,100ml_ 200ml,MM_167,Jawa International Ltd,ABC190,19-03-2022,
Juhel Aspirin,100,0,0,63.00,73.00,1000's pack,MM_128,Juhel Nigeria Ltd,ABC151,08-02-2022,
Juretic,100,0,0,116.00,126.00,10 x 10's and 500's,MM_181,Juhel Nigeria Ltd,ABC204,02-04-2022,
Kivexa,100,0,0,39.00,49.00,3 X 30's,MM_104,GlasoSmithKline (GSK),ABC127,15-01-2022,
Maalox,100,0,0,93.00,103.00,150ml_ 350ml,MM_158,Sanofi Nigeria Limited,ABC181,10-03-2022,
Maalox plus,100,0,0,110.00,120.00,"10's_ 50's
150ml_ 350ml",MM_175,Sanofi Nigeria Limited,ABC198,27-03-2022,
Malomalis,25,100,1,32.85,451.00,60ML,MM_24134,Cipla Ltd,xxawa,2023-02-03 00:00:00,
Malomalis,25,100,1,32.85,451.00,60ML,MM_11211124311,Cipla Ltd,ssaxasa,2023-02-03 00:00:00,
Martindale Aminophylline,100,0,0,121.00,131.00,10ml x 10's,MM_186,Alpha Pharmacy & Stores Ltd,ABC209,07-04-2022,
MEDI-a,100,0,0,88.00,98.00,10 x 10's pack,MM_153,Mega Lifesciences Ltd,ABC176,05-03-2022,
Micropirin,100,0,0,64.00,74.00,28's,MM_129,Pemason Pharmaceuticals Ltd,ABC152,09-02-2022,
Modutab,100,0,0,117.00,127.00,3 x 10's,MM_182,Onifam Laboratories Ltd,ABC205,03-04-2022,
Nasrin,100,0,0,65.00,75.00,100's,MM_130,Juhel Nigeria Ltd,ABC153,10-02-2022,
No-Ach,100,0,0,49.00,59.00,2 x10's,MM_114,Pharma Ethics LTD,ABC137,25-01-2022,
Normoretic,100,0,0,118.00,128.00,10's_ 100's and 200's,MM_183,Nemeith Int'l Pharma. Ltd,ABC206,04-04-2022,
Nouric,100,0,0,91.00,101.00,2 x 14's,MM_156,Strides Lifesciences Ltd,ABC179,08-03-2022,
Occumox,100,0,0,52.00,62.00,10's,MM_117,Salem Gates Pharma Ltd,ABC140,28-01-2022,
Ostolek,100,0,0,87.00,97.00,1 X 4'S,MM_152,Lekam Int'l Pharma Nig Ltd,ABC175,04-03-2022,
Penclofenac,100,0,0,46.00,56.00,10's,MM_111,Aspen Pharmaceutical Nig Ltd,ABC134,22-01-2022,
Polyfort,100,0,0,99.00,109.00,10's,MM_164,Swiss Pharma Nigeria Ltd (SWIPHA),ABC187,16-03-2022,
Polyfort Forte,100,0,0,100.00,110.00,"10's 
100ml",MM_165,Swiss Pharma Nigeria Ltd (SWIPHA),ABC188,17-03-2022,
Polygel,100,0,0,106.00,116.00,20 x 10's,MM_171,Shalina Healthcare Nig. Ltd,ABC194,23-03-2022,
Polygel,100,0,0,111.00,121.00,120ml_ 200ml,MM_176,Shalina Healthcare Nig. Ltd,ABC199,28-03-2022,
Relcer,100,5,1,96.00,106.00,"10 x 10's 
100ml_ 180ml",MM_161,Glenmark pharma. Nigeria Ltd,ABC184,13-03-2022,
Rulox,100,0,0,101.00,111.00,"16's 
100ml_ 200ml in amber bottles",MM_166,SKG Pharma Limited,ABC189,18-03-2022,
Singloclear,25,100,1,32.85,451.00,60ML,MM_21qq12433,Cipla Ltd,110a1MM,2023-02-03 00:00:00,
Tanzol,100,0,0,81.00,91.00,"1's
10ml bottle",MM_146,Shalina Healthcare Nig. Ltd,ABC169,26-02-2022,
Terocec,100,0,0,53.00,63.00,10's pack,MM_118,Green Peck Nigeria Ltd,ABC141,29-01-2022,
Toptabs,100,0,0,69.00,79.00,25 x 2's pack,MM_134,SKG Pharma Limited,ABC157,14-02-2022,
Ulgicid,100,0,0,97.00,107.00,"3 x 10's
200ml bottle",MM_162,Phillips Pharmaceuticals Nig. Ltd,ABC185,14-03-2022,
Unaben,100,0,0,82.00,92.00,"1's and 500's
10ml bottle",MM_147,Nemeith Int'l Pharma. Ltd,ABC170,27-02-2022,
Urografin,100,0,0,114.00,124.00,20ml x 10's,MM_179,Bayer Middle Africa Ltd,ABC202,31-03-2022,
Vacrax,100,0,0,76.00,86.00,5g and 10g,MM_141,Alpha Pharmacy & Stores Ltd,ABC164,21-02-2022,
Vasoprin,100,0,0,66.00,76.00,30's_ 100's & 500's,MM_131,Juhel Nigeria Ltd,ABC154,11-02-2022,
Virest,100,0,0,73.00,83.00,"100's
150's
5g and 10g",MM_138,"Hovid Division, Pharmatex 
Nigeria Ltd",ABC161,18-02-2022,
Vivorax,100,0,0,74.00,84.00,10's,MM_139,InterPharma Industries Nig. Ltd,ABC162,19-02-2022,
Xanax XR,100,0,0,92.00,102.00,30's pack,MM_157,Pfizer Specailities Ltd,ABC180,09-03-2022,
Xatral XL,100,0,0,90.00,100.00,30's pack,MM_155,Sanofi Nigeria Limited,ABC178,07-03-2022,
Zeben,100,0,0,83.00,93.00,"2's
20ml bottle",MM_148,Zentiva/Sanofi,ABC171,28-02-2022,
Zentel,100,0,0,84.00,94.00,"2 per pack
20ml Bottle",MM_149,GlasoSmithKline (GSK),ABC172,01-03-2022,
Zolat,100,0,0,85.00,95.00,"2's and 48 x 2's 
10ml bottle",MM_150,Emzor Pharma. Industries Ltd,ABC173,02-03-2022,
Zoretic,100,0,0,119.00,129.00,10 x 10's,MM_184,Emzor Pharma. Industries Ltd,ABC207,05-04-2022,
Zoylex,100,0,0,75.00,85.00,25's_ 50's_ 100's_ 300's,MM_140,Pharmbox Ventures Ltd,ABC163,20-02-2022,
